{
    "parser_time": 249.75585556030273,
    "parser_in_t": 7044,
    "parser_out_t": 641,
    "filter_time": 7.31165075302124,
    "filter_in_t": 2664,
    "filter_out_t": 919,
    "outline_time": 2.7364697456359863,
    "outline_in_t": 1734,
    "outline_out_t": 133,
    "layout_time": 0.6950724124908447,
    "content_time": 305.1312141418457,
    "content_in_t": 73437,
    "content_out_t": 10081,
    "content_in_v": 94910,
    "content_out_v": 33,
    "render_time": 3.5953328609466553
}